Workbook

Sheet Contact Details
B2: Retrieve the Contact Number from Data Sheet
B4: Lead Id | C4: Contact number
B5: 1234 | C5: =_xlfn.XLOOKUP(B5,Data!$E$3:$E$99,Data!$B$3:$B$99) -> 7455466477
B6: 1235 | C6: =_xlfn.XLOOKUP(B6,Data!$E$3:$E$99,Data!$B$3:$B$99) -> 1458936477
B7: 1236 | C7: =_xlfn.XLOOKUP(B7,Data!$E$3:$E$99,Data!$B$3:$B$99) -> 9462406477
B8: 1237 | C8: =_xlfn.XLOOKUP(B8,Data!$E$3:$E$99,Data!$B$3:$B$99) -> 8.1325431e+09
B9: 1238 | C9: =_xlfn.XLOOKUP(B9,Data!$E$3:$E$99,Data!$B$3:$B$99) -> 9.1360131e+09
B10: 1239 | C10: =_xlfn.XLOOKUP(B10,Data!$E$3:$E$99,Data!$B$3:$B$99) -> 1.0139483e+10
B11: 1240 | C11: =_xlfn.XLOOKUP(B11,Data!$E$3:$E$99,Data!$B$3:$B$99) -> 1.1142953e+10
B12: 1241 | C12: =_xlfn.XLOOKUP(B12,Data!$E$3:$E$99,Data!$B$3:$B$99) -> 1.2146423e+10
B13: 1242 | C13: =_xlfn.XLOOKUP(B13,Data!$E$3:$E$99,Data!$B$3:$B$99) -> 1.3149893e+10
B14: 1243 | C14: =_xlfn.XLOOKUP(B14,Data!$E$3:$E$99,Data!$B$3:$B$99) -> 1.4153363e+10
B15: 1244 | C15: =_xlfn.XLOOKUP(B15,Data!$E$3:$E$99,Data!$B$3:$B$99) -> 1.5156833e+10
B16: 1245 | C16: =_xlfn.XLOOKUP(B16,Data!$E$3:$E$99,Data!$B$3:$B$99) -> 1.6160303e+10
... B101: 1330 | C101: =_xlfn.XLOOKUP(B101,Data!$E$3:$E$99,Data!$B$3:$B$99) -> 1.0145525e+11

Sheet Data
B2: Contact Number | C2: Vat Id | D2: email id | E2: Lead Id
B3: 7455466477 | C3: VI773829482 | D3: abc@gmail.com | E3: 1234
B4: 1458936477 | C4: VI773829483 | D4: abc@gmail.com | E4: 1235
B5: 9462406477 | C5: VI773829484 | D5: abc@gmail.com | E5: 1236
B6: 8.1325431e+09 | C6: VI773829485 | D6: abc@gmail.com | E6: 1237
B7: 9.1360131e+09 | C7: VI773829486 | D7: abc@gmail.com | E7: 1238
B8: 1.0139483e+10 | C8: VI773829487 | D8: abc@gmail.com | E8: 1239
B9: 1.1142953e+10 | C9: VI773829488 | D9: abc@gmail.com | E9: 1240
B10: 1.2146423e+10 | C10: VI773829489 | D10: abc@gmail.com | E10: 1241
B11: 1.3149893e+10 | C11: VI773829490 | D11: abc@gmail.com | E11: 1242
B12: 1.4153363e+10 | C12: VI773829491 | D12: abc@gmail.com | E12: 1243
B13: 1.5156833e+10 | C13: VI773829492 | D13: abc@gmail.com | E13: 1244
B14: 1.6160303e+10 | C14: VI773829493 | D14: abc@gmail.com | E14: 1245
... B99: 1.0145525e+11 | C99: VI773829578 | D99: abc@gmail.com | E99: 1330

Sheet Example
B2: Question : Calculate The Individual Product Amount
B4: Name | C4: Product | D4: Amount | G4: Name | H4: ESEC | I4: Liabilities | J4: Tata | K4: Total
B5: Rahul | C5: ESEC | D5: 150 | G5: Rahul | H5: =SUMIFS($D$5:$D$19,$B$5:$B$19,G5,$C$5:$C$19,H4) -> 450 | I5: =SUMIFS($D$5:$D$19,$B$5:$B$19,G5,$C$5:$C$19,I4) -> 100 | J5: =SUMIFS($D$5:$D$19,$B$5:$B$19,G5,$C$5:$C$19,J4) -> 50 | K5: =SUM(H5:J5) -> 600
B6: Rahul | C6: ESEC | D6: 150 | G6: Priya | H6: =SUMIFS($D$5:$D$19,$B$5:$B$19,G6,$C$5:$C$19,H4) -> 150 | I6: =SUMIFS($D$5:$D$19,$B$5:$B$19,G6,$C$5:$C$19,I4) -> 200 | J6: =SUMIFS($D$5:$D$19,$B$5:$B$19,G6,$C$5:$C$19,J4) -> 100 | K6: =SUM(H6:J6) -> 450
B7: Rahul | C7: ESEC | D7: 150 | G7: Neha | H7: =SUMIFS($D$5:$D$19,$B$5:$B$19,G7,$C$5:$C$19,H4) -> 300 | I7: =SUMIFS($D$5:$D$19,$B$5:$B$19,G7,$C$5:$C$19,I4) -> 100 | J7: =SUMIFS($D$5:$D$19,$B$5:$B$19,G7,$C$5:$C$19,J4) -> 100 | K7: =SUM(H7:J7) -> 500
B8: Priya | C8: Liabilities | D8: 100 | G8: Total | H8: =SUM(H5:H7) -> 900 | I8: =SUM(I5:I7) -> 400 | J8: =SUM(J5:J7) -> 250
B9: Priya | C9: Liabilities | D9: 100
B10: Priya | C10: ESEC | D10: 150
B11: Neha | C11: Tata | D11: 50
B12: Neha | C12: Tata | D12: 50
B13: Neha | C13: ESEC | D13: 150
B14: Rahul | C14: Liabilities | D14: 100
B15: Rahul | C15: Tata | D15: 50
B16: Priya | C16: Tata | D16: 50
B17: Priya | C17: Tata | D17: 50
B18: Neha | C18: Liabilities | D18: 100
B19: Neha | C19: ESEC | D19: 150
